awardYear,category,categoryFullName,sortOrder,portion,prizeAmount,prizeAmountAdjusted,dateAwarded,prizeStatus,motivation,categoryTopMotivation,award_link,id,name,knownName,givenName,familyName,fullName,penName,gender,laureate_link,birth_date,birth_city,birth_cityNow,birth_continent,birth_country,birth_countryNow,birth_locationString,death_date,death_city,death_cityNow,death_continent,death_country,death_countryNow,death_locationString,orgName,nativeName,acronym,org_founded_date,org_founded_city,org_founded_cityNow,org_founded_continent,org_founded_country,org_founded_countryNow,org_founded_locationString,ind_or_org,residence_1,residence_2,affiliation_1,affiliation_2,affiliation_3,affiliation_4
2019,Peace,The Nobel Peace Prize,1,1,9000000,9000000,10/11/2019,received,for his efforts to achieve peace and international cooperation and in particular for his decisive initiative to resolve the border conflict with neighbouring Eritrea,,https://masterdataapi.nobelprize.org/2/nobelPrize/pea/2019,981,Abiy Ahmed Ali,Abiy Ahmed Ali,Abiy,Ahmed Ali,Abiy Ahmed Ali,,male,http://masterdataapi.nobelprize.org/2/laureate/981,8/15/1976,Beshasha,Beshasha,Africa,Ethiopia,Ethiopia,"Beshasha, Ethiopia",,,,,,,,,,,,,,,,,,Individual,,,,,,
2018,Peace,The Nobel Peace Prize,1,2-Jan,9000000,9000000,10/5/2018,received,for their efforts to end the use of sexual violence as a weapon of war and armed conflict,,https://masterdataapi.nobelprize.org/2/nobelPrize/pea/2018,966,Denis Mukwege,Denis Mukwege,Denis,Mukwege,Denis Mukwege,,male,http://masterdataapi.nobelprize.org/2/laureate/966,3/1/1955,Bukavu,Bukavu,Africa,Belgian Congo,Democratic Republic of the Congo,"Bukavu, Belgian Congo (now Democratic Republic of the Congo)",,,,,,,,,,,,,,,,,,Individual,,,,,,
2018,Peace,The Nobel Peace Prize,2,2-Jan,9000000,9000000,10/5/2018,received,for their efforts to end the use of sexual violence as a weapon of war and armed conflict,,https://masterdataapi.nobelprize.org/2/nobelPrize/pea/2018,967,Nadia Murad,Nadia Murad,Nadia,Murad,Nadia Murad Basee Taha,,female,http://masterdataapi.nobelprize.org/2/laureate/967,1993-00-00,Kojo,Kojo,Asia,Iraq,Iraq,"Kojo, Iraq",,,,,,,,,,,,,,,,,,Individual,,,,,,
2017,Peace,The Nobel Peace Prize,1,1,9000000,9176183,10/6/2017,received,for its work to draw attention to the catastrophic humanitarian consequences of any use of nuclear weapons and for its ground-breaking efforts to achieve a treaty-based prohibition of such weapons,,https://masterdataapi.nobelprize.org/2/nobelPrize/pea/2017,948,International Campaign to Abolish Nuclear Weapons (ICAN),,,,,,,http://masterdataapi.nobelprize.org/2/laureate/948,,,,,,,,,,,,,,,International Campaign to Abolish Nuclear Weapons (ICAN),International Campaign to Abolish Nuclear Weapons (ICAN),ICAN,2007-00-00,,,Oceania,Australia,Australia,Australia,Organization,,,,,,
2016,Peace,The Nobel Peace Prize,1,1,8000000,8301051,10/7/2016,received,for his resolute efforts to bring the country's more than 50-year-long civil war to an end,,https://masterdataapi.nobelprize.org/2/nobelPrize/pea/2016,934,Juan Manuel Santos,Juan Manuel Santos,Juan Manuel,Santos,Juan Manuel Santos,,male,http://masterdataapi.nobelprize.org/2/laureate/934,8/10/1951,Bogotá,Bogotá,South America,Colombia,Colombia,"Bogotá, Colombia",,,,,,,,,,,,,,,,,,Individual,,,,,,
2015,Peace,The Nobel Peace Prize,1,1,8000000,8384572,10/9/2015,received,for its decisive contribution to the building of a pluralistic democracy in Tunisia in the wake of the Jasmine Revolution of 2011,,https://masterdataapi.nobelprize.org/2/nobelPrize/pea/2015,925,National Dialogue Quartet ,,,,,,,http://masterdataapi.nobelprize.org/2/laureate/925,,,,,,,,,,,,,,,National Dialogue Quartet ,National Dialogue Quartet,,,,,,,,,Organization,,,,,,
2014,Peace,The Nobel Peace Prize,1,2-Jan,8000000,8379888,10/10/2014,received,for their struggle against the suppression of children and young people and for the right of all children to education,,https://masterdataapi.nobelprize.org/2/nobelPrize/pea/2014,913,Kailash Satyarthi,Kailash Satyarthi,Kailash,Satyarthi,Kailash Satyarthi,,male,http://masterdataapi.nobelprize.org/2/laureate/913,1/11/1954,Vidisha,Vidisha,Asia,India,India,"Vidisha, India",,,,,,,,,,,,,,,,,,Individual,India,,,,,
2014,Peace,The Nobel Peace Prize,2,2-Jan,8000000,8379888,10/10/2014,received,for their struggle against the suppression of children and young people and for the right of all children to education,,https://masterdataapi.nobelprize.org/2/nobelPrize/pea/2014,914,Malala Yousafzai,Malala Yousafzai,Malala,Yousafzai,Malala Yousafzai,,female,http://masterdataapi.nobelprize.org/2/laureate/914,7/12/1997,Mingora,Mingora,Asia,Pakistan,Pakistan,"Mingora, Pakistan",,,,,,,,,,,,,,,,,,Individual,United Kingdom,,,,,
2013,Peace,The Nobel Peace Prize,1,1,8000000,8365867,10/11/2013,received,for its extensive efforts to eliminate chemical weapons,,https://masterdataapi.nobelprize.org/2/nobelPrize/pea/2013,893,Organisation for the Prohibition of Chemical Weapons,,,,,,,http://masterdataapi.nobelprize.org/2/laureate/893,,,,,,,,,,,,,,,Organisation for the Prohibition of Chemical Weapons,Organisation for the Prohibition of Chemical Weapons (OPCW),OPCW,1997-00-00,,,,,,N/A,Organization,,,,,,
2012,Peace,The Nobel Peace Prize,1,1,8000000,8361204,10/12/2012,received,for over six decades contributed to the advancement of peace and reconciliation democracy and human rights in Europe,,https://masterdataapi.nobelprize.org/2/nobelPrize/pea/2012,881,European Union (EU),,,,,,,http://masterdataapi.nobelprize.org/2/laureate/881,,,,,,,,,,,,,,,European Union (EU),European Union (EU),EU,1952-00-00,,,,,,N/A,Organization,,,,,,
2011,Peace,The Nobel Peace Prize,1,3-Jan,10000000,10545557,10/7/2011,received,for their non-violent struggle for the safety of women and for womens rights to full participation in peace-building work,,https://masterdataapi.nobelprize.org/2/nobelPrize/pea/2011,869,Ellen Johnson Sirleaf,Ellen Johnson Sirleaf,Ellen,Johnson Sirleaf,Ellen Johnson Sirleaf,,female,http://masterdataapi.nobelprize.org/2/laureate/869,10/29/1938,Monrovia,Monrovia,Africa,Liberia,Liberia,"Monrovia, Liberia",,,,,,,,,,,,,,,,,,Individual,Liberia,,,,,
2011,Peace,The Nobel Peace Prize,2,3-Jan,10000000,10545557,10/7/2011,received,for their non-violent struggle for the safety of women and for womens rights to full participation in peace-building work,,https://masterdataapi.nobelprize.org/2/nobelPrize/pea/2011,870,Leymah Gbowee,Leymah Gbowee,Leymah,Gbowee,Leymah Gbowee,,female,http://masterdataapi.nobelprize.org/2/laureate/870,2/1/1972,Monrovia,Monrovia,Africa,Liberia,Liberia,"Monrovia, Liberia",,,,,,,,,,,,,,,,,,Individual,Liberia,,,,,
2011,Peace,The Nobel Peace Prize,3,3-Jan,10000000,10545557,10/7/2011,received,for their non-violent struggle for the safety of women and for womens rights to full participation in peace-building work,,https://masterdataapi.nobelprize.org/2/nobelPrize/pea/2011,871,Tawakkol Karman,Tawakkol Karman,Tawakkol,Karman,Tawakkol Karman,,female,http://masterdataapi.nobelprize.org/2/laureate/871,2/7/1979,Ta'izz,Ta'izz,Asia,Yemen,Yemen,"Ta'izz, Yemen",,,,,,,,,,,,,,,,,,Individual,Yemen,,,,,
2010,Peace,The Nobel Peace Prize,1,1,10000000,10819388,10/8/2010,received,for his long and non-violent struggle for fundamental human rights in China,,https://masterdataapi.nobelprize.org/2/nobelPrize/pea/2010,855,Liu Xiaobo,Liu Xiaobo,Xiaobo,Liu,Liu Xiaobo,,male,http://masterdataapi.nobelprize.org/2/laureate/855,12/28/1955,Changchun,Changchun,Asia,China,China,"Changchun, China",7/13/2017,Shenyang,Shenyang,Asia,China,China,"Shenyang, China",,,,,,,,,,,Individual,China,,,,,
2009,Peace,The Nobel Peace Prize,1,1,10000000,10958504,10/9/2009,received,for his extraordinary efforts to strengthen international diplomacy and cooperation between peoples,,https://masterdataapi.nobelprize.org/2/nobelPrize/pea/2009,845,Barack H. Obama,Barack H. Obama,Barack,Obama,Barack Hussein Obama,,male,http://masterdataapi.nobelprize.org/2/laureate/845,8/4/1961,"Honolulu, HI","Honolulu, HI",North America,USA,USA,"Honolulu, HI, USA",,,,,,,,,,,,,,,,,,Individual,USA,,,,,
2008,Peace,The Nobel Peace Prize,1,1,10000000,10926573,10/10/2008,received,for his important efforts on several continents and over more than three decades to resolve international conflicts,,https://masterdataapi.nobelprize.org/2/nobelPrize/pea/2008,833,Martti Ahtisaari,Martti Ahtisaari,Martti,Ahtisaari,Martti Ahtisaari,,male,http://masterdataapi.nobelprize.org/2/laureate/833,6/23/1937,Viipuri,Vyborg,Europe,Finland,Finland,"Viipuri (now Vyborg), Finland",,,,,,,,,,,,,,,,,,Individual,Finland,,,,,
2007,Peace,The Nobel Peace Prize,2,2-Jan,10000000,11301989,10/12/2007,received,for their efforts to build up and disseminate greater knowledge about man-made climate change and to lay the foundations for the measures that are needed to counteract such change,,https://masterdataapi.nobelprize.org/2/nobelPrize/pea/2007,819,Al Gore,Al Gore,Al,Gore,Albert Arnold (Al) Gore Jr.,,male,http://masterdataapi.nobelprize.org/2/laureate/819,3/31/1948,"Washington, DC","Washington, DC",North America,USA,USA,"Washington, DC, USA",,,,,,,,,,,,,,,,,,Individual,USA,,,,,
2007,Peace,The Nobel Peace Prize,1,2-Jan,10000000,11301989,10/12/2007,received,for their efforts to build up and disseminate greater knowledge about man-made climate change and to lay the foundations for the measures that are needed to counteract such change,,https://masterdataapi.nobelprize.org/2/nobelPrize/pea/2007,818,Intergovernmental Panel on Climate Change,,,,,,,http://masterdataapi.nobelprize.org/2/laureate/818,,,,,,,,,,,,,,,Intergovernmental Panel on Climate Change,Intergovernmental Panel on Climate Change (IPCC),,1988-00-00,"New York, NY","New York, NY",North America,USA,USA,"New York, NY, USA",Organization,,,,,,
2006,Peace,The Nobel Peace Prize,2,2-Jan,10000000,11552680,10/13/2006,received,for their efforts to create economic and social development from below,,https://masterdataapi.nobelprize.org/2/nobelPrize/pea/2006,810,Grameen Bank,,,,,,,http://masterdataapi.nobelprize.org/2/laureate/810,,,,,,,,,,,,,,,Grameen Bank,Grameen Bank,,1976-00-00,Dhaka,Dhaka,Asia,Bangladesh,Bangladesh,"Dhaka, Bangladesh",Organization,,,,,,
2006,Peace,The Nobel Peace Prize,1,2-Jan,10000000,11552680,10/13/2006,received,for their efforts to create economic and social development from below,,https://masterdataapi.nobelprize.org/2/nobelPrize/pea/2006,809,Muhammad Yunus,Muhammad Yunus,Muhammad,Yunus,Muhammad Yunus,,male,http://masterdataapi.nobelprize.org/2/laureate/809,6/28/1940,Chittagong,Chittagong,Asia,British India,Bangladesh,"Chittagong, British India (now Bangladesh)",,,,,,,,,,,,,,,,,,Individual,Bangladesh,,,,,
2005,Peace,The Nobel Peace Prize,1,2-Jan,10000000,11711430,10/7/2005,received,for their efforts to prevent nuclear energy from being used for military purposes and to ensure that nuclear energy for peaceful purposes is used in the safest possible way,,https://masterdataapi.nobelprize.org/2/nobelPrize/pea/2005,797,International Atomic Energy Agency,,,,,,,http://masterdataapi.nobelprize.org/2/laureate/797,,,,,,,,,,,,,,,International Atomic Energy Agency,International Atomic Energy Agency (IAEA),IAEA,1957-00-00,Vienna,Vienna,Europe,Austria,Austria,"Vienna, Austria",Organization,,,,,,
2005,Peace,The Nobel Peace Prize,2,2-Jan,10000000,11711430,10/7/2005,received,for their efforts to prevent nuclear energy from being used for military purposes and to ensure that nuclear energy for peaceful purposes is used in the safest possible way,,https://masterdataapi.nobelprize.org/2/nobelPrize/pea/2005,798,Mohamed ElBaradei,Mohamed ElBaradei,Mohamed,ElBaradei,Mohamed ElBaradei,,male,http://masterdataapi.nobelprize.org/2/laureate/798,6/17/1942,Cairo,Cairo,Africa,Egypt,Egypt,"Cairo, Egypt",,,,,,,,,,,,,,,,,,Individual,Egypt,,,,,
2004,Peace,The Nobel Peace Prize,1,1,10000000,11762861,10/8/2004,received,for her contribution to sustainable development democracy and peace,,https://masterdataapi.nobelprize.org/2/nobelPrize/pea/2004,783,Wangari Maathai,Wangari Maathai,Wangari,Maathai,Wangari Muta Maathai,,female,http://masterdataapi.nobelprize.org/2/laureate/783,4/1/1940,Nyeri,Nyeri,Africa,Kenya,Kenya,"Nyeri, Kenya",9/25/2011,Nairobi,Nairobi,Africa,Kenya,Kenya,"Nairobi, Kenya",,,,,,,,,,,Individual,Kenya,,,,,
2003,Peace,The Nobel Peace Prize,1,1,10000000,11807305,10/10/2003,received,for her efforts for democracy and human rights. She has focused especially on the struggle for the rights of women and children,,https://masterdataapi.nobelprize.org/2/nobelPrize/pea/2003,773,Shirin Ebadi,Shirin Ebadi,Shirin,Ebadi,Shirin Ebadi,,female,http://masterdataapi.nobelprize.org/2/laureate/773,6/21/1947,Hamadan,Hamadan,Asia,Iran,Iran,"Hamadan, Iran",,,,,,,,,,,,,,,,,,Individual,Iran,,,,,
2002,Peace,The Nobel Peace Prize,1,1,10000000,12034660,10/11/2002,received,for his decades of untiring effort to find peaceful solutions to international conflicts to advance democracy and human rights and to promote economic and social development,,https://masterdataapi.nobelprize.org/2/nobelPrize/pea/2002,762,Jimmy Carter,Jimmy Carter,Jimmy,Carter,James Earl Carter,,male,http://masterdataapi.nobelprize.org/2/laureate/762,10/1/1924,"Plains, GA","Plains, GA",North America,USA,USA,"Plains, GA, USA",,,,,,,,,,,,,,,,,,Individual,USA,,,,,
2001,Peace,The Nobel Peace Prize,2,2-Jan,10000000,12295082,10/12/2001,received,for their work for a better organized and more peaceful world,,https://masterdataapi.nobelprize.org/2/nobelPrize/pea/2001,749,Kofi Annan,Kofi Annan,Kofi,Annan,Kofi Atta Annan,,male,http://masterdataapi.nobelprize.org/2/laureate/749,4/8/1938,Kumasi,Kumasi,Africa,Gold Coast,Ghana,"Kumasi, Gold Coast (now Ghana)",8/18/2018,Bern,Bern,Europe,Switzerland,Switzerland,"Bern, Switzerland",,,,,,,,,,,Individual,Ghana,,,,,
2001,Peace,The Nobel Peace Prize,1,2-Jan,10000000,12295082,10/12/2001,received,for their work for a better organized and more peaceful world,,https://masterdataapi.nobelprize.org/2/nobelPrize/pea/2001,748,United Nations,,,,,,,http://masterdataapi.nobelprize.org/2/laureate/748,,,,,,,,,,,,,,,United Nations,United Nations (U.N.),U.N.,1945-00-00,"New York, NY","New York, NY",North America,USA,USA,"New York, NY, USA",Organization,,,,,,
2000,Peace,The Nobel Peace Prize,1,1,9000000,11333109,10/13/2000,received,for his work for democracy and human rights in South Korea and in East Asia in general and for peace and reconciliation with North Korea in particular,,https://masterdataapi.nobelprize.org/2/nobelPrize/pea/2000,725,Kim Dae-jung,Kim Dae-jung,Kim,Dae-jung,Kim Dae-jung,,male,http://masterdataapi.nobelprize.org/2/laureate/725,12/3/1925,Mokpo,Mokpo,Asia,Korea,South Korea,"Mokpo, Korea (now South Korea)",8/18/2009,,,,,,N/A,,,,,,,,,,,Individual,South Korea,,,,,
1999,Peace,The Nobel Peace Prize,1,1,7900000,10049186,10/15/1999,received,in recognition of the organisation's pioneering humanitarian work on several continents,,https://masterdataapi.nobelprize.org/2/nobelPrize/pea/1999,568,Médecins Sans Frontières,,,,,,,http://masterdataapi.nobelprize.org/2/laureate/568,,,,,,,,,,,,,,,Médecins Sans Frontières,Médecins Sans Frontières,,1971-00-00,Paris,Paris,Europe,France,France,"Paris, France",Organization,,,,,,
1998,Peace,The Nobel Peace Prize,2,2-Jan,7600000,9713701,10/16/1998,received,for their efforts to find a peaceful solution to the conflict in Northern Ireland,,https://masterdataapi.nobelprize.org/2/nobelPrize/pea/1998,567,David Trimble,David Trimble,David,Trimble,David Trimble,,male,http://masterdataapi.nobelprize.org/2/laureate/567,10/15/1944,Belfast,Belfast,Europe,Northern Ireland,Northern Ireland,"Belfast, Northern Ireland",,,,,,,,,,,,,,,,,,Individual,United Kingdom,,,,,
1998,Peace,The Nobel Peace Prize,1,2-Jan,7600000,9713701,10/16/1998,received,for their efforts to find a peaceful solution to the conflict in Northern Ireland,,https://masterdataapi.nobelprize.org/2/nobelPrize/pea/1998,566,John Hume,John Hume,John,Hume,John Hume,,male,http://masterdataapi.nobelprize.org/2/laureate/566,1/18/1937,Londonderry,Londonderry,Europe,Northern Ireland,Northern Ireland,"Londonderry, Northern Ireland",,,,,,,,,,,,,,,,,,Individual,United Kingdom,,,,,
1997,Peace,The Nobel Peace Prize,1,2-Jan,7500000,9572839,10/10/1997,received,for their efforts to ban and remove anti-personnel landmines,,https://masterdataapi.nobelprize.org/2/nobelPrize/pea/1997,564,International Campaign to Ban Landmines,,,,,,,http://masterdataapi.nobelprize.org/2/laureate/564,,,,,,,,,,,,,,,International Campaign to Ban Landmines,International Campaign to Ban Landmines (ICBL),,1992-00-00,,,North America,USA,USA,USA,Organization,,,,,,
1997,Peace,The Nobel Peace Prize,2,2-Jan,7500000,9572839,10/10/1997,received,for their work for the banning and clearing of anti-personnel mines,,https://masterdataapi.nobelprize.org/2/nobelPrize/pea/1997,565,Jody Williams,Jody Williams,Jody,Williams,Jody Williams,,female,http://masterdataapi.nobelprize.org/2/laureate/565,10/9/1950,"Putney, VT","Putney, VT",North America,USA,USA,"Putney, VT, USA",,,,,,,,,,,,,,,,,,Individual,"Putney, VT, USA",,,,,
1996,Peace,The Nobel Peace Prize,1,2-Jan,7400000,9490424,10/11/1996,received,for their work towards a just and peaceful solution to the conflict in East Timor,,https://masterdataapi.nobelprize.org/2/nobelPrize/pea/1996,562,Carlos Filipe Ximenes Belo,Carlos Filipe Ximenes Belo,Carlos Filipe Ximenes,Belo,Carlos Filipe Ximenes Belo,,male,http://masterdataapi.nobelprize.org/2/laureate/562,2/3/1948,Wailacama,Wailacama,Oceania,East Timor,East Timor,"Wailacama, East Timor",,,,,,,,,,,,,,,,,,Individual,East Timor,,,,,
1996,Peace,The Nobel Peace Prize,2,2-Jan,7400000,9490424,10/11/1996,received,for their work towards a just and peaceful solution to the conflict in East Timor,,https://masterdataapi.nobelprize.org/2/nobelPrize/pea/1996,563,José Ramos-Horta,José Ramos-Horta,José,Ramos-Horta,José Ramos-Horta,,male,http://masterdataapi.nobelprize.org/2/laureate/563,12/26/1949,Dili,Dili,Oceania,East Timor,East Timor,"Dili, East Timor",,,,,,,,,,,,,,,,,,Individual,East Timor,,,,,
1995,Peace,The Nobel Peace Prize,1,2-Jan,7200000,9278351,10/13/1995,received,for their efforts to diminish the part played by nuclear arms in international politics and in the longer run to eliminate such arms,,https://masterdataapi.nobelprize.org/2/nobelPrize/pea/1995,560,Joseph Rotblat,Joseph Rotblat,Joseph,Rotblat,Joseph Rotblat,,male,http://masterdataapi.nobelprize.org/2/laureate/560,11/4/1908,Warsaw,Warsaw,Europe,Russian Empire,Poland,"Warsaw, Russian Empire (now Poland)",8/31/2005,London,London,Europe,United Kingdom,United Kingdom,"London, United Kingdom",,,,,,,,,,,Individual,United Kingdom,,,,,
1995,Peace,The Nobel Peace Prize,2,2-Jan,7200000,9278351,10/13/1995,received,for their efforts to diminish the part played by nuclear arms in international politics and in the longer run to eliminate such arms,,https://masterdataapi.nobelprize.org/2/nobelPrize/pea/1995,561,Pugwash Conferences on Science and World Affairs,,,,,,,http://masterdataapi.nobelprize.org/2/laureate/561,,,,,,,,,,,,,,,Pugwash Conferences on Science and World Affairs,Pugwash Conferences on Science and World Affairs,,1957-00-00,Pugwash,Pugwash,North America,Canada,Canada,"Pugwash, Canada",Organization,,,,,,
1994,Peace,The Nobel Peace Prize,2,3-Jan,7000000,9249471,10/14/1994,received,for their efforts to create peace in the Middle East,,https://masterdataapi.nobelprize.org/2/nobelPrize/pea/1994,558,Shimon Peres,Shimon Peres,Shimon,Peres,Shimon Peres,,male,http://masterdataapi.nobelprize.org/2/laureate/558,8/16/1923,Vishneva,Vishneva,Europe,Poland,Belarus,"Vishneva, Poland (now Belarus)",9/28/2016,Tel Aviv,Tel Aviv,Asia,Israel,Israel,"Tel Aviv, Israel",,,,,,,,,,,Individual,Israel,,,,,
1994,Peace,The Nobel Peace Prize,1,3-Jan,7000000,9249471,10/14/1994,received,for their efforts to create peace in the Middle East,,https://masterdataapi.nobelprize.org/2/nobelPrize/pea/1994,557,Yasser Arafat,Yasser Arafat,Yasser,Arafat,Yasser Arafat,,male,http://masterdataapi.nobelprize.org/2/laureate/557,8/24/1929,Cairo,Cairo,Africa,Egypt,Egypt,"Cairo, Egypt",11/11/2004,Paris,Paris,Europe,France,France,"Paris, France",,,,,,,,,,,Individual,Palestine,,,,,
1994,Peace,The Nobel Peace Prize,3,3-Jan,7000000,9249471,10/14/1994,received,for their efforts to create peace in the Middle East,,https://masterdataapi.nobelprize.org/2/nobelPrize/pea/1994,559,Yitzhak Rabin,Yitzhak Rabin,Yitzhak,Rabin,Yitzhak Rabin,,male,http://masterdataapi.nobelprize.org/2/laureate/559,3/1/1922,Jerusalem,Jerusalem,Asia,British Mandate of Palestine,Israel,"Jerusalem, British Mandate of Palestine (now Israel)",11/4/1995,Tel Aviv,Tel Aviv,Asia,Israel,Israel,"Tel Aviv, Israel",,,,,,,,,,,Individual,Israel,,,,,
1993,Peace,The Nobel Peace Prize,2,2-Jan,6700000,9044276,10/15/1993,received,for their work for the peaceful termination of the apartheid regime and for laying the foundations for a new democratic South Africa,,https://masterdataapi.nobelprize.org/2/nobelPrize/pea/1993,556,F.W. de Klerk,F.W. de Klerk,F.W.,de Klerk,Frederik Willem de Klerk,,male,http://masterdataapi.nobelprize.org/2/laureate/556,3/18/1936,Johannesburg,Johannesburg,Africa,South Africa,South Africa,"Johannesburg, South Africa",,,,,,,,,,,,,,,,,,Individual,South Africa,,,,,
1993,Peace,The Nobel Peace Prize,1,2-Jan,6700000,9044276,10/15/1993,received,for their work for the peaceful termination of the apartheid regime and for laying the foundations for a new democratic South Africa,,https://masterdataapi.nobelprize.org/2/nobelPrize/pea/1993,555,Nelson Mandela,Nelson Mandela,Nelson,Mandela,Nelson Rolihlahla Mandela,,male,http://masterdataapi.nobelprize.org/2/laureate/555,7/18/1918,Qunu,Qunu,Africa,South Africa,South Africa,"Qunu, South Africa",12/5/2013,Johannesburg,Johannesburg,Africa,South Africa,South Africa,"Johannesburg, South Africa",,,,,,,,,,,Individual,South Africa,,,,,
1992,Peace,The Nobel Peace Prize,1,1,6500000,9184250,10/16/1992,received,for her struggle for social justice and ethno-cultural reconciliation based on respect for the rights of indigenous peoples,,https://masterdataapi.nobelprize.org/2/nobelPrize/pea/1992,554,Rigoberta Menchú Tum,Rigoberta Menchú Tum,Rigoberta,Menchú Tum,Rigoberta Menchú Tum,,female,http://masterdataapi.nobelprize.org/2/laureate/554,1/9/1959,Aldea Chimel,Aldea Chimel,North America,Guatemala,Guatemala,"Aldea Chimel, Guatemala",,,,,,,,,,,,,,,,,,Individual,Guatemala,,,,,
1991,Peace,The Nobel Peace Prize,1,1,6000000,8673863,10/14/1991,received,for her non-violent struggle for democracy and human rights,,https://masterdataapi.nobelprize.org/2/nobelPrize/pea/1991,553,Aung San Suu Kyi ,Aung San Suu Kyi ,Aung San Suu Kyi,,Aung San Suu Kyi ,,female,http://masterdataapi.nobelprize.org/2/laureate/553,6/19/1945,Rangoon,Yangon,Asia,Burma,Myanmar,"Rangoon, Burma (now Yangon, Myanmar)",,,,,,,,,,,,,,,,,,Individual,Burma (now Myanmar),,,,,
1990,Peace,The Nobel Peace Prize,1,1,4000000,6329114,10/15/1990,received,for the leading role he played in the radical changes in East-West relations,,https://masterdataapi.nobelprize.org/2/nobelPrize/pea/1990,552,Mikhail Gorbachev,Mikhail Gorbachev,Mikhail,Gorbachev,Mikhail Sergeyevich Gorbachev,,male,http://masterdataapi.nobelprize.org/2/laureate/552,3/2/1931,Privolnoye,Privolnoye,Europe,USSR,Russia,"Privolnoye, USSR (now Russia)",,,,,,,,,,,,,,,,,,Individual,USSR (now Russia),,,,,
1989,Peace,The Nobel Peace Prize,1,1,3000000,5242311,10/5/1989,received,for advocating peaceful solutions based upon tolerance and mutual respect in order to preserve the historical and cultural heritage of his people,,https://masterdataapi.nobelprize.org/2/nobelPrize/pea/1989,551,The 14th Dalai Lama ,The 14th Dalai Lama ,Lhamo,Thondup,The 14th Dalai Lama (Tenzin Gyatso) ,,male,http://masterdataapi.nobelprize.org/2/laureate/551,7/6/1935,Taktser,Taktser,Asia,Tibet,China,"Taktser, Tibet (now China)",,,,,,,,,,,,,,,,,,Individual,India,,,,,
1988,Peace,The Nobel Peace Prize,1,1,2500000,4645689,9/29/1988,received,for preventing armed clashes and creating conditions for negotiations,,https://masterdataapi.nobelprize.org/2/nobelPrize/pea/1988,550,United Nations Peacekeeping Forces,,,,,,,http://masterdataapi.nobelprize.org/2/laureate/550,,,,,,,,,,,,,,,United Nations Peacekeeping Forces,United Nations Peacekeeping Forces,,1948-00-00,"New York, NY","New York, NY",North America,USA,USA,"New York, NY, USA",Organization,,,,,,
1987,Peace,The Nobel Peace Prize,1,1,2175000,4274764,10/13/1987,received,for his work for lasting peace in Central America,,https://masterdataapi.nobelprize.org/2/nobelPrize/pea/1987,549,Oscar Arias Sánchez,Oscar Arias Sánchez,Oscar,Arias Sánchez,Oscar Arias Sánchez,,male,http://masterdataapi.nobelprize.org/2/laureate/549,9/13/1940,Heredia,Heredia,North America,Costa Rica,Costa Rica,"Heredia, Costa Rica",,,,,,,,,,,,,,,,,,Individual,Costa Rica,,,,,
1986,Peace,The Nobel Peace Prize,1,1,2000000,4098361,10/14/1986,received,for being a messenger to mankind: his message is one of peace atonement and dignity,,https://masterdataapi.nobelprize.org/2/nobelPrize/pea/1986,548,Elie Wiesel,Elie Wiesel,Elie,Wiesel,Elie Wiesel,,male,http://masterdataapi.nobelprize.org/2/laureate/548,9/30/1928,Sighet,Sighet,Europe,Romania,Romania,"Sighet, Romania",7/2/2016,"New York, NY","New York, NY",North America,USA,USA,"New York, NY, USA",,,,,,,,,,,Individual,USA,,,,,
1985,Peace,The Nobel Peace Prize,1,1,1800000,3843964,10/5/1985,received,for spreading authoritative information and by creating awareness of the catastrophic consequences of  nuclear  war,,https://masterdataapi.nobelprize.org/2/nobelPrize/pea/1985,547,International Physicians for the Prevention of Nuclear War,,,,,,,http://masterdataapi.nobelprize.org/2/laureate/547,,,,,,,,,,,,,,,International Physicians for the Prevention of Nuclear War,International Physicians for the Prevention of Nuclear War,IPPNW,1980-00-00,"Boston, MA","Boston, MA",North America,USA,USA,"Boston, MA, USA",Organization,,,,,,
1984,Peace,The Nobel Peace Prize,1,1,1650000,3782090,10/5/1984,received,for his role as a unifying leader figure in the non-violent campaign to resolve the problem of apartheid in  South Africa,,https://masterdataapi.nobelprize.org/2/nobelPrize/pea/1984,546,Desmond Tutu,Desmond Tutu,Desmond,Tutu,Desmond Mpilo Tutu,,male,http://masterdataapi.nobelprize.org/2/laureate/546,10/7/1931,Klerksdorp,Klerksdorp,Africa,South Africa,South Africa,"Klerksdorp, South Africa",,,,,,,,,,,,,,,,,,Individual,South Africa,,,,,
1983,Peace,The Nobel Peace Prize,1,1,1500000,3715324,10/5/1983,received,for non-violent struggle for free trade unions and human rights in Poland,,https://masterdataapi.nobelprize.org/2/nobelPrize/pea/1983,545,Lech Walesa,Lech Walesa,Lech,Walesa,Lech Walesa,,male,http://masterdataapi.nobelprize.org/2/laureate/545,9/29/1943,Popowo,Popowo,Europe,Poland,Poland,"Popowo, Poland",,,,,,,,,,,,,,,,,,Individual,Poland,,,,,
1982,Peace,The Nobel Peace Prize,2,2-Jan,1150000,3102518,10/13/1982,received,for their work for disarmament and nuclear and weapon-free zones,,https://masterdataapi.nobelprize.org/2/nobelPrize/pea/1982,544,Alfonso García Robles,Alfonso García Robles,Alfonso,García Robles,Alfonso García Robles,,male,http://masterdataapi.nobelprize.org/2/laureate/544,3/20/1911,Zamora,Zamora,North America,Mexico,Mexico,"Zamora, Mexico",9/2/1991,Mexico City,Mexico City,North America,Mexico,Mexico,"Mexico City, Mexico",,,,,,,,,,,Individual,"Geneva, Switzerland",,,,,
1982,Peace,The Nobel Peace Prize,1,2-Jan,1150000,3102518,10/13/1982,received,for their work for disarmament and nuclear and weapon-free zones,,https://masterdataapi.nobelprize.org/2/nobelPrize/pea/1982,543,Alva Myrdal,Alva Myrdal,Alva,Myrdal,Alva Myrdal,,female,http://masterdataapi.nobelprize.org/2/laureate/543,1/31/1902,Uppsala,Uppsala,Europe,Sweden,Sweden,"Uppsala, Sweden",2/1/1986,Stockholm,Stockholm,Europe,Sweden,Sweden,"Stockholm, Sweden",,,,,,,,,,,Individual,Sweden,,,,,
1981,Peace,The Nobel Peace Prize,1,1,1000000,2929688,10/14/1981,received,for promoting the fundamental rights of refugees,,https://masterdataapi.nobelprize.org/2/nobelPrize/pea/1981,515,Office of the United Nations High Commissioner for Refugees,,,,,,,http://masterdataapi.nobelprize.org/2/laureate/515,,,,,,,,,,,,,,,Office of the United Nations High Commissioner for Refugees,Office of the United Nations High Commissioner for Refugees,UNHCR,1951-00-00,Geneva,Geneva,Europe,Switzerland,Switzerland,"Geneva, Switzerland",Organization,,,,,,
1980,Peace,The Nobel Peace Prize,1,1,880000,2889667,10/27/1980,received,for being a source of inspiration to repressed people especially in Latin America,,https://masterdataapi.nobelprize.org/2/nobelPrize/pea/1980,541,Adolfo Pérez Esquivel,Adolfo Pérez Esquivel,Adolfo,Pérez Esquivel,Adolfo Pérez Esquivel,,male,http://masterdataapi.nobelprize.org/2/laureate/541,11/26/1931,Buenos Aires,Buenos Aires,South America,Argentina,Argentina,"Buenos Aires, Argentina",,,,,,,,,,,,,,,,,,Individual,Argentina,,,,,
1979,Peace,The Nobel Peace Prize,1,1,800000,2988048,10/27/1979,received,for her work for bringing help to suffering humanity,,https://masterdataapi.nobelprize.org/2/nobelPrize/pea/1979,540,Mother Teresa ,Mother Teresa ,Anjezë Gonxhe,Bojaxhiu,Mother Teresa ,,female,http://masterdataapi.nobelprize.org/2/laureate/540,8/26/1910,Uskup,Skopje,Europe,Ottoman Empire,North Macedonia,"Uskup, Ottoman Empire (now Skopje, North Macedonia)",9/5/1997,Calcutta,Calcutta,Asia,India,India,"Calcutta, India",,,,,,,,,,,Individual,India,,,,,
1978,Peace,The Nobel Peace Prize,1,2-Jan,725000,2898454,10/27/1978,received,for jointly having negotiated peace between Egypt and Israel in 1978,,https://masterdataapi.nobelprize.org/2/nobelPrize/pea/1978,538,Anwar al-Sadat,Anwar al-Sadat,Anwar,al-Sadat,Mohamed Anwar al-Sadat,,male,http://masterdataapi.nobelprize.org/2/laureate/538,12/25/1918,Mit Abu al-Kawm,Mit Abu al-Kawm,Africa,Egypt,Egypt,"Mit Abu al-Kawm, Egypt",10/6/1981,Cairo,Cairo,Africa,Egypt,Egypt,"Cairo, Egypt",,,,,,,,,,,Individual,Egypt,,,,,
1978,Peace,The Nobel Peace Prize,2,2-Jan,725000,2898454,10/27/1978,received,for jointly having negotiated peace between Egypt and Israel in 1978,,https://masterdataapi.nobelprize.org/2/nobelPrize/pea/1978,539,Menachem Begin,Menachem Begin,Menachem,Begin,Menachem Begin,,male,http://masterdataapi.nobelprize.org/2/laureate/539,8/16/1913,Brest Litovsk,Brest Litovsk,Europe,Russian Empire,Belarus,"Brest Litovsk, Russian Empire (now Belarus)",3/9/1992,Tel Aviv,Tel Aviv,Asia,Israel,Israel,"Tel Aviv, Israel",,,,,,,,,,,Individual,Israel,,,,,
1977,Peace,The Nobel Peace Prize,1,1,700000,3080986,10/10/1977,received,for worldwide respect for human rights,,https://masterdataapi.nobelprize.org/2/nobelPrize/pea/1977,537,Amnesty International,,,,,,,http://masterdataapi.nobelprize.org/2/laureate/537,,,,,,,,,,,,,,,Amnesty International,Amnesty International,,1961-00-00,London,London,Europe,United Kingdom,United Kingdom,"London, United Kingdom",Organization,,,,,,
1976,Peace,The Nobel Peace Prize,1,2-Jan,681000,3342605,10/10/1977,received,for the courageous efforts in founding a movement to put an end to the violent conflict in Northern Ireland,,https://masterdataapi.nobelprize.org/2/nobelPrize/pea/1976,535,Betty Williams,Betty Williams,Betty,Williams,Elizabeth Williams,,female,http://masterdataapi.nobelprize.org/2/laureate/535,5/22/1943,Belfast,Belfast,Europe,Northern Ireland,Northern Ireland,"Belfast, Northern Ireland",3/17/2020,Belfast,Belfast,Europe,Northern Ireland,Northern Ireland,"Belfast, Northern Ireland",,,,,,,,,,,Individual,United Kingdom,,,,,
1976,Peace,The Nobel Peace Prize,2,2-Jan,681000,3342605,10/10/1977,received,for the courageous efforts in founding a movement to put an end to the violent conflict in Northern Ireland,,https://masterdataapi.nobelprize.org/2/nobelPrize/pea/1976,536,Mairead Corrigan,Mairead Corrigan,Mairead,Corrigan,Mairead Corrigan,,female,http://masterdataapi.nobelprize.org/2/laureate/536,1/27/1944,Belfast,Belfast,Europe,Northern Ireland,Northern Ireland,"Belfast, Northern Ireland",,,,,,,,,,,,,,,,,,Individual,United Kingdom,,,,,
1975,Peace,The Nobel Peace Prize,1,1,630000,3404179,10/9/1975,received,for his struggle for human rights in the Soviet Union for disarmament and cooperation between all nations,,https://masterdataapi.nobelprize.org/2/nobelPrize/pea/1975,534,Andrei Sakharov,Andrei Sakharov,Andrei,Sakharov,Andrei Dmitrievich Sakharov,,male,http://masterdataapi.nobelprize.org/2/laureate/534,5/21/1921,Moscow,Moscow,Europe,Russia,Russia,"Moscow, Russia",12/14/1989,Moscow,Moscow,Europe,USSR,Russia,"Moscow, USSR (now Russia)",,,,,,,,,,,Individual,USSR (now Russia),,,,,
1974,Peace,The Nobel Peace Prize,2,2-Jan,550000,3263449,10/9/1974,received,for his contribution to stabilize conditions in the Pacific rim area and for signing the Nuclear Non-Proliferation Treaty,,https://masterdataapi.nobelprize.org/2/nobelPrize/pea/1974,533,Eisaku Sato,Eisaku Sato,Eisaku,Sato,Eisaku Sato,,male,http://masterdataapi.nobelprize.org/2/laureate/533,3/27/1901,Tabuse,Tabuse,Asia,Japan,Japan,"Tabuse, Japan",6/3/1975,Tokyo,Tokyo,Asia,Japan,Japan,"Tokyo, Japan",,,,,,,,,,,Individual,Japan,,,,,
1974,Peace,The Nobel Peace Prize,1,2-Jan,550000,3263449,10/9/1974,received,for his efforts to secure and develop human rights throughout the world,,https://masterdataapi.nobelprize.org/2/nobelPrize/pea/1974,532,Seán MacBride,Seán MacBride,Seán,MacBride,Seán MacBride,,male,http://masterdataapi.nobelprize.org/2/laureate/532,1/26/1904,Paris,Paris,Europe,France,France,"Paris, France",1/15/1988,Dublin,Dublin,Europe,Ireland,Ireland,"Dublin, Ireland",,,,,,,,,,,Individual,Ireland,,,,,
1973,Peace,The Nobel Peace Prize,1,2-Jan,510000,3331882,10/17/1973,received,for jointly having negotiated a cease fire in Vietnam in 1973,,https://masterdataapi.nobelprize.org/2/nobelPrize/pea/1973,530,Henry Kissinger,Henry Kissinger,Henry,Kissinger,Henry Alfred Kissinger,,male,http://masterdataapi.nobelprize.org/2/laureate/530,5/27/1923,Fürth,Fürth,Europe,Germany,Germany,"Fürth, Germany",,,,,,,,,,,,,,,,,,Individual,USA,,,,,
1973,Peace,The Nobel Peace Prize,2,2-Jan,510000,3331882,10/17/1973,declined,for jointly having negotiated a cease fire in Vietnam in 1973,,https://masterdataapi.nobelprize.org/2/nobelPrize/pea/1973,531,Le Duc Tho ,Le Duc Tho ,Le Duc Tho,,Le Duc Tho ,,male,http://masterdataapi.nobelprize.org/2/laureate/531,10/14/1911,Nam Ha province,Nam Ha province,Asia,Vietnam,Vietnam,"Nam Ha province, Vietnam",10/13/1990,Hanoi,Hanoi,Asia,Vietnam,Vietnam,"Hanoi, Vietnam",,,,,,,,,,,Individual,Democratic Republic of Vietnam (now Vietnam),,,,,
1971,Peace,The Nobel Peace Prize,1,1,450000,3321850,10/21/1971,received,for paving the way for a meaningful dialogue between East and West,,https://masterdataapi.nobelprize.org/2/nobelPrize/pea/1971,529,Willy Brandt,Willy Brandt,Willy,Brandt,Willy Brandt,,male,http://masterdataapi.nobelprize.org/2/laureate/529,12/18/1913,Lübeck,Lübeck,Europe,Germany,Germany,"Lübeck, Germany",10/8/1992,Unkel,Unkel,Europe,Germany,Germany,"Unkel, Germany",,,,,,,,,,,Individual,Germany,,,,,
1970,Peace,The Nobel Peace Prize,1,1,400000,3177966,10/21/1970,received,for having given a well-founded hope - the green revolution,,https://masterdataapi.nobelprize.org/2/nobelPrize/pea/1970,528,Norman Borlaug,Norman Borlaug,Norman,Borlaug,Norman Ernest Borlaug,,male,http://masterdataapi.nobelprize.org/2/laureate/528,3/25/1914,"Cresco, IA","Cresco, IA",North America,USA,USA,"Cresco, IA, USA",9/12/2009,"Dallas, TX","Dallas, TX",North America,USA,USA,"Dallas, TX, USA",,,,,,,,,,,Individual,USA,,,,,
1969,Peace,The Nobel Peace Prize,1,1,375000,3181561,10/20/1969,received,for creating international legislation insuring certain norms for working conditions in every country,,https://masterdataapi.nobelprize.org/2/nobelPrize/pea/1969,527,International Labour Organization,,,,,,,http://masterdataapi.nobelprize.org/2/laureate/527,,,,,,,,,,,,,,,International Labour Organization,International Labour Organization (I.L.O.),ILO,1919-00-00,Geneva,Geneva,Europe,Switzerland,Switzerland,"Geneva, Switzerland",Organization,,,,,,
1968,Peace,The Nobel Peace Prize,1,1,350000,3052326,10/9/1968,received,for his struggle to ensure the rights of man as stipulated in the UN Declaration,,https://masterdataapi.nobelprize.org/2/nobelPrize/pea/1968,526,René Cassin,René Cassin,René,Cassin,René Cassin,,male,http://masterdataapi.nobelprize.org/2/laureate/526,1887-10-05,Bayonne,Bayonne,Europe,France,France,"Bayonne, France",2/20/1976,Paris,Paris,Europe,France,France,"Paris, France",,,,,,,,,,,Individual,France,,,,,
1965,Peace,The Nobel Peace Prize,1,1,282000,2782895,10/26/1965,received,for its effort to enhance solidarity between nations and reduce the difference between rich and poor states,,https://masterdataapi.nobelprize.org/2/nobelPrize/pea/1965,525,United Nations Children's Fund,,,,,,,http://masterdataapi.nobelprize.org/2/laureate/525,,,,,,,,,,,,,,,United Nations Children's Fund,United Nations Children's Fund (UNICEF),UNICEF,1946-00-00,"New York, NY","New York, NY",North America,USA,USA,"New York, NY, USA",Organization,,,,,,
1964,Peace,The Nobel Peace Prize,1,1,273000,2828039,10/14/1964,received,for his non-violent struggle for civil rights for the Afro-American population,,https://masterdataapi.nobelprize.org/2/nobelPrize/pea/1964,524,Martin Luther King Jr.,Martin Luther King Jr.,Martin Luther,King Jr.,Martin Luther King Jr.,,male,http://masterdataapi.nobelprize.org/2/laureate/524,1/15/1929,"Atlanta, GA","Atlanta, GA",North America,USA,USA,"Atlanta, GA, USA",4/4/1968,"Memphis, TN","Memphis, TN",North America,USA,USA,"Memphis, TN, USA",,,,,,,,,,,Individual,USA,,,,,
1963,Peace,The Nobel Peace Prize,2,2-Jan,265000,2839286,10/10/1963,received,for promoting the principles of the Geneva Convention and cooperation with the UN,,https://masterdataapi.nobelprize.org/2/nobelPrize/pea/1963,523,League of Red Cross Societies,,,,,,,http://masterdataapi.nobelprize.org/2/laureate/523,,,,,,,,,,,,,,,League of Red Cross Societies,Ligue des Sociétés de la Croix-Rouge (League of Red Cross Societies),,1919-00-00,Paris,Paris,Europe,France,France,"Paris, France",Organization,,,,,,
1963,Peace,The Nobel Peace Prize,1,2-Jan,265000,2839286,10/10/1963,received,for promoting the principles of the Geneva Convention and cooperation with the UN,,https://masterdataapi.nobelprize.org/2/nobelPrize/pea/1963,482,International Committee of the Red Cross,,,,,,,http://masterdataapi.nobelprize.org/2/laureate/482,,,,,,,,,,,,,,,International Committee of the Red Cross,Comité international de la Croix Rouge,,1863-00-00,Geneva,Geneva,Europe,Switzerland,Switzerland,"Geneva, Switzerland",Organization,,,,,,
1962,Peace,The Nobel Peace Prize,1,1,257220,2836985,10/10/1963,received,for his fight against the nuclear arms race between East and West,,https://masterdataapi.nobelprize.org/2/nobelPrize/pea/1962,217,Linus Pauling,Linus Pauling,Linus,Pauling,Linus Carl Pauling,,male,http://masterdataapi.nobelprize.org/2/laureate/217,2/28/1901,"Portland, OR","Portland, OR",North America,USA,USA,"Portland, OR, USA",8/19/1994,"Big Sur, CA","Big Sur, CA",North America,USA,USA,"Big Sur, CA, USA",,,,,,,,,,,Individual,,,"California Institute of Technology (Caltech), Pasadena, CA, USA",,,
1961,Peace,The Nobel Peace Prize,1,1,250233,2878447,10/23/1961,received,for developing the UN into an effective and constructive international organization capable of giving life to the principles and aims expressed in the UN Charter,,https://masterdataapi.nobelprize.org/2/nobelPrize/pea/1961,520,Dag Hammarskjöld,Dag Hammarskjöld,Dag,Hammarskjöld,Dag Hjalmar Agne Carl Hammarskjöld,,male,http://masterdataapi.nobelprize.org/2/laureate/520,7/29/1905,Jönköping,Jönköping,Europe,Sweden,Sweden,"Jönköping, Sweden",9/18/1961,Ndola,Ndola,Africa,Northern Rhodesia,Zambia,"Ndola, Northern Rhodesia (now Zambia)",,,,,,,,,,,Individual,Sweden,,,,,
1960,Peace,The Nobel Peace Prize,1,1,225987,2664941,10/23/1961,received,for his non-violent struggle against apartheid,,https://masterdataapi.nobelprize.org/2/nobelPrize/pea/1960,519,Albert Luthuli,Albert Luthuli,Albert,Luthuli,Albert John Luthuli,,male,http://masterdataapi.nobelprize.org/2/laureate/519,1898-00-00,Bulawayo,Bulawayo,Africa,Southern Rhodesia,Zimbabwe,"Bulawayo, Southern Rhodesia (now Zimbabwe)",7/21/1967,Stanger,Stanger,Africa,South Africa,South Africa,"Stanger, South Africa",,,,,,,,,,,Individual,South Africa,,,,,
1959,Peace,The Nobel Peace Prize,1,1,220678,2704387,11/5/1959,received,for his longstanding contribution to the cause of disarmament and peace,,https://masterdataapi.nobelprize.org/2/nobelPrize/pea/1959,518,Philip Noel-Baker,Philip Noel-Baker,Philip,Noel-Baker,Philip J. Noel-Baker,,male,http://masterdataapi.nobelprize.org/2/laureate/518,1889-11-01,London,London,Europe,United Kingdom,United Kingdom,"London, United Kingdom",10/8/1982,London,London,Europe,United Kingdom,United Kingdom,"London, United Kingdom",,,,,,,,,,,Individual,United Kingdom,,,,,
1958,Peace,The Nobel Peace Prize,1,1,214559,2646698,11/10/1958,received,for his efforts to help refugees to leave their camps and return to a life of freedom and dignity,,https://masterdataapi.nobelprize.org/2/nobelPrize/pea/1958,517,Georges Pire,Georges Pire,Georges,Pire,Georges Pire,,male,http://masterdataapi.nobelprize.org/2/laureate/517,2/10/1910,Dinant,Dinant,Europe,Belgium,Belgium,"Dinant, Belgium",1/30/1969,Leuven,Leuven,Europe,Belgium,Belgium,"Leuven, Belgium",,,,,,,,,,,Individual,Belgium,,,,,
1957,Peace,The Nobel Peace Prize,1,1,208629,2697789,10/3/1957,received,for his crucial contribution to the deployment of a United Nations Emergency Force in the wake of the Suez Crisis,,https://masterdataapi.nobelprize.org/2/nobelPrize/pea/1957,516,Lester Bowles Pearson,Lester Bowles Pearson,Lester Bowles,Pearson,Lester Bowles Pearson,,male,http://masterdataapi.nobelprize.org/2/laureate/516,1897-04-23,Toronto,Toronto,North America,Canada,Canada,"Toronto, Canada",12/27/1972,Ottawa,Ottawa,North America,Canada,Canada,"Ottawa, Canada",,,,,,,,,,,Individual,Canada,,,,,
1954,Peace,The Nobel Peace Prize,1,1,181647,2640218,11/5/1955,received,for its efforts to heal the wounds of war by providing help and protection to refugees all over the world,,https://masterdataapi.nobelprize.org/2/nobelPrize/pea/1954,515,Office of the United Nations High Commissioner for Refugees,,,,,,,http://masterdataapi.nobelprize.org/2/laureate/515,,,,,,,,,,,,,,,Office of the United Nations High Commissioner for Refugees,Office of the United Nations High Commissioner for Refugees,UNHCR,1951-00-00,Geneva,Geneva,Europe,Switzerland,Switzerland,"Geneva, Switzerland",Organization,,,,,,
1953,Peace,The Nobel Peace Prize,1,1,175293,2567769,10/30/1953,received,for proposing and supervising the plan for the economic recovery of Europe,,https://masterdataapi.nobelprize.org/2/nobelPrize/pea/1953,514,George C. Marshall,George C. Marshall,George C.,Marshall,George Catlett Marshall,,male,http://masterdataapi.nobelprize.org/2/laureate/514,1880-12-31,"Uniontown, PA","Uniontown, PA",North America,USA,USA,"Uniontown, PA, USA",10/16/1959,"Washington, DC","Washington, DC",North America,USA,USA,"Washington, DC, USA",,,,,,,,,,,Individual,USA,,,,,
1952,Peace,The Nobel Peace Prize,1,1,171135,2546652,10/30/1953,received,for his altruism reverence for life and tireless humanitarian work which has helped making the idea of brotherhood between men and nations a living one,,https://masterdataapi.nobelprize.org/2/nobelPrize/pea/1952,513,Albert Schweitzer,Albert Schweitzer,Albert,Schweitzer,Albert Schweitzer,,male,http://masterdataapi.nobelprize.org/2/laureate/513,1875-01-14,Kaysersberg,Kaysersberg,Europe,Germany,France,"Kaysersberg, Germany (now France)",9/4/1965,Lambaréné,Lambaréné,Africa,Gabon,Gabon,"Lambaréné, Gabon",,,,,,,,,,,Individual,France,,,,,
1951,Peace,The Nobel Peace Prize,1,1,167612,2686090,,received,for having devoted his life to the fight against war through the promotion of social justice and brotherhood among men and nations,,https://masterdataapi.nobelprize.org/2/nobelPrize/pea/1951,512,Léon Jouhaux,Léon Jouhaux,Léon,Jouhaux,Léon Jouhaux,,male,http://masterdataapi.nobelprize.org/2/laureate/512,1879-07-01,Paris,Paris,Europe,France,France,"Paris, France",4/28/1954,Paris,Paris,Europe,France,France,"Paris, France",,,,,,,,,,,Individual,France,,,,,
1950,Peace,The Nobel Peace Prize,1,1,164304,3050198,9/22/1950,received,for his work as mediator in Palestine in 1948-1949,,https://masterdataapi.nobelprize.org/2/nobelPrize/pea/1950,511,Ralph Bunche,Ralph Bunche,Ralph,Bunche,Ralph Bunche,,male,http://masterdataapi.nobelprize.org/2/laureate/511,8/7/1904,"Detroit, MI","Detroit, MI",North America,USA,USA,"Detroit, MI, USA",12/9/1971,"New York, NY","New York, NY",North America,USA,USA,"New York, NY, USA",,,,,,,,,,,Individual,USA,,"Harvard University, Cambridge, MA, USA",,,
1949,Peace,The Nobel Peace Prize,1,1,156290,2930438,10/12/1949,received,for his lifelong effort to conquer hunger and want thereby helping to remove a major cause of military conflict and war,,https://masterdataapi.nobelprize.org/2/nobelPrize/pea/1949,510,Lord Boyd Orr,Lord Boyd Orr,John,Boyd Orr,"John Boyd Orr, Baron Boyd-Orr of Brechin Mearn",,male,http://masterdataapi.nobelprize.org/2/laureate/510,1880-09-23,Kilmaurs,Kilmaurs,Europe,Scotland,Scotland,"Kilmaurs, Scotland",6/25/1971,Edzell,Edzell,Europe,Scotland,Scotland,"Edzell, Scotland",,,,,,,,,,,Individual,United Kingdom,,,,,
1947,Peace,The Nobel Peace Prize,2,2-Jan,146115,2914528,10/30/1947,received,for their pioneering work in the international peace movement and compassionate effort to relieve human suffering thereby promoting the fraternity between nations,,https://masterdataapi.nobelprize.org/2/nobelPrize/pea/1947,509,American Friends Service Committee,,,,,,,http://masterdataapi.nobelprize.org/2/laureate/509,,,,,,,,,,,,,,,American Friends Service Committee,American Friends Service Committee (The Quakers),AFSC,1917-00-00,"Washington, DC","Washington, DC",North America,USA,USA,"Washington, DC, USA",Organization,,,,,,
1947,Peace,The Nobel Peace Prize,1,2-Jan,146115,2914528,10/30/1947,received,for their pioneering work in the international peace movement and compassionate effort to relieve human suffering thereby promoting the fraternity between nations,,https://masterdataapi.nobelprize.org/2/nobelPrize/pea/1947,508,Friends Service Council,,,,,,,http://masterdataapi.nobelprize.org/2/laureate/508,,,,,,,,,,,,,,,Friends Service Council,Friends Service Council (The Quakers),,1647-00-00,London,London,Europe,United Kingdom,United Kingdom,"London, United Kingdom",Organization,,,,,,
1946,Peace,The Nobel Peace Prize,1,2-Jan,121524,2503929,11/14/1946,received,for her lifelong work for the cause of peace,,https://masterdataapi.nobelprize.org/2/nobelPrize/pea/1946,506,Emily Greene Balch,Emily Greene Balch,Emily Greene,Balch,Emily Greene Balch,,female,http://masterdataapi.nobelprize.org/2/laureate/506,1867-01-08,"Jamaica Plain, MA","Boston, MA",North America,USA,USA,"Jamaica Plain, MA (now Boston, MA), USA",1/9/1961,"Cambridge, MA","Cambridge, MA",North America,USA,USA,"Cambridge, MA, USA",,,,,,,,,,,Individual,USA,,,,,
1946,Peace,The Nobel Peace Prize,2,2-Jan,121524,2503929,11/14/1946,received,for his contribution to the creation of a peace-promoting religious brotherhood across national boundaries,,https://masterdataapi.nobelprize.org/2/nobelPrize/pea/1946,507,John R. Mott,John R. Mott,John R.,Mott,John Raleigh Mott,,male,http://masterdataapi.nobelprize.org/2/laureate/507,1865-05-25,"Livingston Manor, NY","Livingston Manor, NY",North America,USA,USA,"Livingston Manor, NY, USA",1/31/1955,,,North America,USA,USA,USA,,,,,,,,,,,Individual,USA,,,,,
1945,Peace,The Nobel Peace Prize,1,1,121333,2499993,11/12/1945,received,for his indefatigable work for international understanding and his pivotal role in establishing the United Nations,,https://masterdataapi.nobelprize.org/2/nobelPrize/pea/1945,505,Cordell Hull,Cordell Hull,Cordell,Hull,Cordell Hull,,male,http://masterdataapi.nobelprize.org/2/laureate/505,1871-10-02,"Olympus, TN","Olympus, TN",North America,USA,USA,"Olympus, TN, USA",7/23/1955,"Bethesda, MD","Bethesda, MD",North America,USA,USA,"Bethesda, MD, USA",,,,,,,,,,,Individual,USA,,,,,
1944,Peace,The Nobel Peace Prize,1,1,121841,2510460,11/12/1945,received,for the great work it has performed during the war on behalf of humanity,,https://masterdataapi.nobelprize.org/2/nobelPrize/pea/1944,482,International Committee of the Red Cross,,,,,,,http://masterdataapi.nobelprize.org/2/laureate/482,,,,,,,,,,,,,,,International Committee of the Red Cross,Comité international de la Croix Rouge,,1863-00-00,Geneva,Geneva,Europe,Switzerland,Switzerland,"Geneva, Switzerland",Organization,,,,,,
1938,Peace,The Nobel Peace Prize,1,1,155077,4543271,11/17/1938,received,for having carried on the work of Fridtjof Nansen to the benefit of refugees across Europe,,https://masterdataapi.nobelprize.org/2/nobelPrize/pea/1938,503,Nansen International Office for Refugees,,,,,,,http://masterdataapi.nobelprize.org/2/laureate/503,,,,,,,,,,,,,,,Nansen International Office for Refugees,Office international Nansen pour les Réfugiés (Nansen International Office for Refugees),,1921-00-00,Geneva,Geneva,Europe,Switzerland,Switzerland,"Geneva, Switzerland",Organization,,,,,,
1937,Peace,The Nobel Peace Prize,1,1,158463,4716161,11/18/1937,received,for his tireless effort in support of the League of Nations disarmament and peace,,https://masterdataapi.nobelprize.org/2/nobelPrize/pea/1937,502,"Robert Cecil, Viscount Cecil of Chelwood","Robert Cecil, Viscount Cecil of Chelwood",Robert,Cecil,"Edgar Algernon Robert Gascoyne-Cecil, 1st Viscount Cecil of Chelwood",,male,http://masterdataapi.nobelprize.org/2/laureate/502,1864-09-14,London,London,Europe,United Kingdom,United Kingdom,"London, United Kingdom",11/24/1958,Tunbridge Wells,Tunbridge Wells,Europe,United Kingdom,United Kingdom,"Tunbridge Wells, United Kingdom",,,,,,,,,,,Individual,United Kingdom,,,,,
1936,Peace,The Nobel Peace Prize,1,1,159850,4913422,11/24/1936,received,for his role as father of the Argentine Antiwar Pact of 1933 which he also used as a means to mediate peace between Paraguay and Bolivia in 1935,,https://msterdataapi.nobelprize.org/2/nobelPrize/pea/1936,501,Carlos Saavedra Lamas,Carlos Saavedra Lamas,Carlos,Saavedra Lamas,Carlos Saavedra Lamas,,male,http://masterdataapi.nobelprize.org/2/laureate/501,1878-11-01,Buenos Aires,Buenos Aires,South America,Argentina,Argentina,"Buenos Aires, Argentina",5/5/1959,Buenos Aires,Buenos Aires,South America,Argentina,Argentina,"Buenos Aires, Argentina",,,,,,,,,,,Individual,Argentina,,,,,
1935,Peace,The Nobel Peace Prize,1,1,159917,4997406,11/24/1936,received,for his burning love for freedom of thought and expression and his valuable contribution to the cause of peace,,https://masterdataapi.nobelprize.org/2/nobelPrize/pea/1935,500,Carl von Ossietzky,Carl von Ossietzky,Carl,von Ossietzky,Carl von Ossietzky,,male,http://masterdataapi.nobelprize.org/2/laureate/500,1889-10-03,Hamburg,Hamburg,Europe,Germany,Germany,"Hamburg, Germany",5/4/1938,Berlin,Berlin,Europe,Germany,Germany,"Berlin, Germany",,,,,,,,,,,Individual,Germany,,,,,
1934,Peace,The Nobel Peace Prize,1,1,162608,5167627,12/10/1934,received,for his untiring struggle and his courageous efforts as Chairman of the League of Nations Disarmament Conference 1931-34,,https://masterdataapi.nobelprize.org/2/nobelPrize/pea/1934,499,Arthur Henderson,Arthur Henderson,Arthur,Henderson,Arthur Henderson,,male,http://masterdataapi.nobelprize.org/2/laureate/499,1863-09-13,Glasgow,Glasgow,Europe,Scotland,Scotland,"Glasgow, Scotland",10/20/1935,London,London,Europe,United Kingdom,United Kingdom,"London, United Kingdom",,,,,,,,,,,Individual,United Kingdom,,,,,
1933,Peace,The Nobel Peace Prize,1,1,170332,5413093,12/10/1934,received,for having exposed by his pen the illusion of war and presented a convincing plea for international cooperation and peace,,https://masterdataapi.nobelprize.org/2/nobelPrize/pea/1933,498,Sir Norman Angell,Sir Norman Angell,Sir Norman,Angell,Sir Norman Angell (Ralph Lane),,male,http://masterdataapi.nobelprize.org/2/laureate/498,1872-12-26,Holbeach,Holbeach,Europe,United Kingdom,United Kingdom,"Holbeach, United Kingdom",10/7/1967,Croydon,Croydon,Europe,United Kingdom,United Kingdom,"Croydon, United Kingdom",,,,,,,,,,,Individual,United Kingdom,,,,,
1931,Peace,The Nobel Peace Prize,1,2-Jan,173206,5238085,12/10/1931,received,for their assiduous effort to revive the ideal of peace and to rekindle the spirit of peace in their own nation and in the whole of mankind,,https://masterdataapi.nobelprize.org/2/nobelPrize/pea/1931,496,Jane Addams,Jane Addams,Jane,Addams,Jane Addams,,female,http://masterdataapi.nobelprize.org/2/laureate/496,1860-09-06,"Cedarville, IL","Cedarville, IL",North America,USA,USA,"Cedarville, IL, USA",5/21/1935,"Chicago, IL","Chicago, IL",North America,USA,USA,"Chicago, IL, USA",,,,,,,,,,,Individual,USA,,,,,
1931,Peace,The Nobel Peace Prize,2,2-Jan,173206,5238085,12/10/1931,received,for their assiduous effort to revive the ideal of peace and to rekindle the spirit of peace in their own nation and in the whole of mankind,,https://masterdataapi.nobelprize.org/2/nobelPrize/pea/1931,497,Nicholas Murray Butler,Nicholas Murray Butler,Nicholas Murray,Butler,Nicholas Murray Butler,,male,http://masterdataapi.nobelprize.org/2/laureate/497,1862-04-02,"Elizabeth, NJ","Elizabeth, NJ",North America,USA,USA,"Elizabeth, NJ, USA",12/7/1947,"New York, NY","New York, NY",North America,USA,USA,"New York, NY, USA",,,,,,,,,,,Individual,USA,,"Columbia University, New York, NY, USA",,,
1930,Peace,The Nobel Peace Prize,1,1,172947,5066807,12/10/1930,received,for promoting Christian unity and helping create 'that new attitude of mind which is necessary if peace between nations is to become reality',,https://masterdataapi.nobelprize.org/2/nobelPrize/pea/1930,495,Nathan Söderblom,Nathan Söderblom,Nathan,Söderblom,Lars Olof Jonathan (Nathan) Söderblom,,male,http://masterdataapi.nobelprize.org/2/laureate/495,1866-01-15,Trönö,Trönö,Europe,Sweden,Sweden,"Trönö, Sweden",7/12/1931,Uppsala,Uppsala,Europe,Sweden,Sweden,"Uppsala, Sweden",,,,,,,,,,,Individual,Sweden,,,,,
1929,Peace,The Nobel Peace Prize,1,1,172760,4907955,12/10/1930,received,for his crucial role in bringing about the Briand-Kellogg Pact,,https://masterdataapi.nobelprize.org/2/nobelPrize/pea/1929,494,Frank B. Kellogg,Frank B. Kellogg,Frank B.,Kellogg,Frank Billings Kellogg,,male,http://masterdataapi.nobelprize.org/2/laureate/494,1856-12-22,"Potsdam, NY","Potsdam, NY",North America,USA,USA,"Potsdam, NY, USA",12/21/1937,"St. Paul, MN","St. Paul, MN",North America,USA,USA,"St. Paul, MN, USA",,,,,,,,,,,Individual,USA,,,,,
1927,Peace,The Nobel Peace Prize,1,2-Jan,126501,3593778,12/10/1927,received,for their contribution to the emergence in France and Germany of a public opinion which favours peaceful international cooperation,,https://masterdataapi.nobelprize.org/2/nobelPrize/pea/1927,492,Ferdinand Buisson,Ferdinand Buisson,Ferdinand,Buisson,Ferdinand Buisson,,male,http://masterdataapi.nobelprize.org/2/laureate/492,1841-12-20,Paris,Paris,Europe,France,France,"Paris, France",2/16/1932,Thieuloy-Saint-Antoine,Thieuloy-Saint-Antoine,Europe,France,France,"Thieuloy-Saint-Antoine, France",,,,,,,,,,,Individual,France,,,,,
1927,Peace,The Nobel Peace Prize,2,2-Jan,126501,3593778,12/10/1927,received,for their contribution to the emergence in France and Germany of a public opinion which favours peaceful international cooperation,,https://masterdataapi.nobelprize.org/2/nobelPrize/pea/1927,493,Ludwig Quidde,Ludwig Quidde,Ludwig,Quidde,Ludwig Quidde,,male,http://masterdataapi.nobelprize.org/2/laureate/493,1858-03-23,Bremen,Bremen,Europe,Germany,Germany,"Bremen, Germany",3/4/1941,Geneva,Geneva,Europe,Switzerland,Switzerland,"Geneva, Switzerland",,,,,,,,,,,Individual,Germany,,,,,
1926,Peace,The Nobel Peace Prize,1,2-Jan,116960,3273134,12/10/1926,received,for their crucial role in bringing about the Locarno Treaty,,https://masterdataapi.nobelprize.org/2/nobelPrize/pea/1926,490,Aristide Briand,Aristide Briand,Aristide,Briand,Aristide Briand,,male,http://masterdataapi.nobelprize.org/2/laureate/490,1862-03-28,Nantes,Nantes,Europe,France,France,"Nantes, France",3/7/1932,Paris,Paris,Europe,France,France,"Paris, France",,,,,,,,,,,Individual,France,,,,,
1926,Peace,The Nobel Peace Prize,2,2-Jan,116960,3273134,12/10/1926,received,for their crucial role in bringing about the Locarno Treaty,,https://masterdataapi.nobelprize.org/2/nobelPrize/pea/1926,491,Gustav Stresemann,Gustav Stresemann,Gustav,Stresemann,Gustav Stresemann,,male,http://masterdataapi.nobelprize.org/2/laureate/491,1878-05-10,Berlin,Berlin,Europe,Germany,Germany,"Berlin, Germany",10/3/1929,Berlin,Berlin,Europe,Germany,Germany,"Berlin, Germany",,,,,,,,,,,Individual,Germany,,,,,
1925,Peace,The Nobel Peace Prize,2,2-Jan,118165,3211005,12/10/1926,received,for his crucial role in bringing about the Dawes Plan,,https://masterdataapi.nobelprize.org/2/nobelPrize/pea/1925,489,Charles G. Dawes,Charles G. Dawes,Charles G.,Dawes,Charles Gates Dawes,,male,http://masterdataapi.nobelprize.org/2/laureate/489,1865-08-27,"Marietta, OH","Marietta, OH",North America,USA,USA,"Marietta, OH, USA",4/23/1951,"Evanston, IL","Evanston, IL",North America,USA,USA,"Evanston, IL, USA",,,,,,,,,,,Individual,USA,,,,,
1925,Peace,The Nobel Peace Prize,1,2-Jan,118165,3211005,12/10/1926,received,for his crucial role in bringing about the Locarno Treaty,,https://masterdataapi.nobelprize.org/2/nobelPrize/pea/1925,488,Sir Austen Chamberlain,Sir Austen Chamberlain,Sir Austen,Chamberlain,Sir Austen Chamberlain,,male,http://masterdataapi.nobelprize.org/2/laureate/488,1863-10-16,Birmingham,Birmingham,Europe,United Kingdom,United Kingdom,"Birmingham, United Kingdom",3/16/1937,London,London,Europe,United Kingdom,United Kingdom,"London, United Kingdom",,,,,,,,,,,Individual,United Kingdom,,,,,
1922,Peace,The Nobel Peace Prize,1,1,122483,3145967,12/10/1922,received,for his leading role in the repatriation of prisoners of war in international relief work and as the League of Nations' High Commissioner for refugees,,https://masterdataapi.nobelprize.org/2/nobelPrize/pea/1922,487,Fridtjof Nansen,Fridtjof Nansen,Fridtjof,Nansen,Fridtjof Nansen,,male,http://masterdataapi.nobelprize.org/2/laureate/487,1861-10-10,Kristiania,Oslo,Europe,Norway,Norway,"Kristiania (now Oslo), Norway",5/13/1930,Oslo,Oslo,Europe,Norway,Norway,"Oslo, Norway",,,,,,,,,,,Individual,Norway,,,,,
1921,Peace,The Nobel Peace Prize,2,2-Jan,121573,2532771,12/10/1921,received,for their lifelong contributions to the cause of peace and organized internationalism,,https://masterdataapi.nobelprize.org/2/nobelPrize/pea/1921,486,Christian Lange,Christian Lange,Christian,Lange,Christian Lous Lange,,male,http://masterdataapi.nobelprize.org/2/laureate/486,1869-09-17,Stavanger,Stavanger,Europe,Norway,Norway,"Stavanger, Norway",12/11/1938,Oslo,Oslo,Europe,Norway,Norway,"Oslo, Norway",,,,,,,,,,,Individual,Norway,,,,,
1921,Peace,The Nobel Peace Prize,1,2-Jan,121573,2532771,12/10/1921,received,for their lifelong contributions to the cause of peace and organized internationalism,,https://masterdataapi.nobelprize.org/2/nobelPrize/pea/1921,485,Hjalmar Branting,Hjalmar Branting,Hjalmar,Branting,Karl Hjalmar Branting,,male,http://masterdataapi.nobelprize.org/2/laureate/485,1860-11-23,Stockholm,Stockholm,Europe,Sweden,Sweden,"Stockholm, Sweden",2/24/1925,Stockholm,Stockholm,Europe,Sweden,Sweden,"Stockholm, Sweden",,,,,,,,,,,Individual,Sweden,,,,,
1920,Peace,The Nobel Peace Prize,1,1,134100,2394643,12/10/1920,received,for his longstanding contribution to the cause of peace and justice and his prominent role in the establishment of the League of Nations,,https://masterdataapi.nobelprize.org/2/nobelPrize/pea/1920,484,Léon Bourgeois,Léon Bourgeois,Léon,Bourgeois,Léon Victor Auguste Bourgeois,,male,http://masterdataapi.nobelprize.org/2/laureate/484,1851-05-21,Paris,Paris,Europe,France,France,"Paris, France",9/29/1925,Épernay,Épernay,Europe,France,France,"Épernay, France",,,,,,,,,,,Individual,France,,,,,
1919,Peace,The Nobel Peace Prize,1,1,133127,2377268,12/10/1920,received,for his role as founder of the League of Nations,,https://masterdataapi.nobelprize.org/2/nobelPrize/pea/1919,483,Woodrow Wilson,Woodrow Wilson,Woodrow,Wilson,Thomas Woodrow Wilson,,male,http://masterdataapi.nobelprize.org/2/laureate/483,1856-12-28,"Staunton, VA","Staunton, VA",North America,USA,USA,"Staunton, VA, USA",2/3/1924,"Washington, DC","Washington, DC",North America,USA,USA,"Washington, DC, USA",,,,,,,,,,,Individual,USA,,,,,
1917,Peace,The Nobel Peace Prize,1,1,133823,3920596,12/10/1917,received,for the efforts to take care of wounded soldiers and prisoners of war and their families,,https://masterdataapi.nobelprize.org/2/nobelPrize/pea/1917,482,International Committee of the Red Cross,,,,,,,http://masterdataapi.nobelprize.org/2/laureate/482,,,,,,,,,,,,,,,International Committee of the Red Cross,Comité international de la Croix Rouge,,1863-00-00,Geneva,Geneva,Europe,Switzerland,Switzerland,"Geneva, Switzerland",Organization,,,,,,
1913,Peace,The Nobel Peace Prize,1,1,143010,6875481,12/10/1913,received,for his unparalleled contribution to the organization of peaceful internationalism,,https://masterdataapi.nobelprize.org/2/nobelPrize/pea/1913,481,Henri La Fontaine,Henri La Fontaine,Henri,La Fontaine,Henri La Fontaine,,male,http://masterdataapi.nobelprize.org/2/laureate/481,1854-04-22,Brussels,Brussels,Europe,Belgium,Belgium,"Brussels, Belgium",5/14/1943,Brussels,Brussels,Europe,Belgium,Belgium,"Brussels, Belgium",,,,,,,,,,,Individual,Belgium,,,,,
1912,Peace,The Nobel Peace Prize,1,1,140476,6753654,12/10/1913,received,for bringing about better understanding between the countries of North and South America and initiating important arbitration agreements between the United States and other countries,,https://masterdataapi.nobelprize.org/2/nobelPrize/pea/1912,480,Elihu Root,Elihu Root,Elihu,Root,Elihu Root,,male,http://masterdataapi.nobelprize.org/2/laureate/480,1845-02-15,"Clinton, NY","Clinton, NY",North America,USA,USA,"Clinton, NY, USA",2/7/1937,"New York, NY","New York, NY",North America,USA,USA,"New York, NY, USA",,,,,,,,,,,Individual,USA,,,,,
1911,Peace,The Nobel Peace Prize,2,2-Jan,140695,7327865,12/10/1911,received,for his effort to expose and fight what he considers to be the main cause of war namely the anarchy in international relations,,https://masterdataapi.nobelprize.org/2/nobelPrize/pea/1911,479,Alfred Fried,Alfred Fried,Alfred,Fried,Alfred Hermann Fried,,male,http://masterdataapi.nobelprize.org/2/laureate/479,1864-11-11,Vienna,Vienna,Europe,Austria,Austria,"Vienna, Austria",5/5/1921,Vienna,Vienna,Europe,Austria,Austria,"Vienna, Austria",,,,,,,,,,,Individual,Austria,,,,,
1911,Peace,The Nobel Peace Prize,1,2-Jan,140695,7327865,12/10/1911,received,for his role as co-founder of the Institut de droit international initiator of the Conferences on International Private Law (Conférences de Droit international privé) at the Hague, and pioneer in the field of international legal relations",,https://masterdataapi.nobelprize.org/2/nobelPrize/pea/1911,478,Tobias Asser,Tobias Asser,Tobias,Asser,Tobias Michael Carel Asser,,male,http://masterdataapi.nobelprize.org/2/laureate/478,1838-04-28,Amsterdam,Amsterdam,Europe,the Netherlands,the Netherlands,"Amsterdam, the Netherlands",7/29/1913,the Hague,the Hague,Europe,the Netherlands,the Netherlands,"the Hague, the Netherlands",,,,,,,,,,,Individual,the Netherlands,,,,,
1910,Peace,The Nobel Peace Prize,1,1,140703,7130220,12/10/1910,received,for acting as a link between the peace societies of the various countries and helping them to organize the world rallies of the international peace movement,,https://masterdataapi.nobelprize.org/2/nobelPrize/pea/1910,477,Permanent International Peace Bureau,,,,,,,http://masterdataapi.nobelprize.org/2/laureate/477,,,,,,,,,,,,,,,Permanent International Peace Bureau,Bureau international permanent de la Paix,,1891-00-00,Bern,Bern,Europe,Switzerland,Switzerland,"Bern, Switzerland",Organization,,,,,,
1909,Peace,The Nobel Peace Prize,1,2-Jan,139800,7084459,12/10/1909,received,for their prominent position in the international movement for peace and arbitration,,https://masterdataapi.nobelprize.org/2/nobelPrize/pea/1909,475,Auguste Beernaert,Auguste Beernaert,Auguste,Beernaert,Auguste Marie François Beernaert,,male,http://masterdataapi.nobelprize.org/2/laureate/475,1829-07-26,Ostend,Ostend,Europe,Belgium,Belgium,"Ostend, Belgium",10/6/1912,Lucerne,Lucerne,Europe,Switzerland,Switzerland,"Lucerne, Switzerland",,,,,,,,,,,Individual,Belgium,,,,,
1909,Peace,The Nobel Peace Prize,2,2-Jan,139800,7084459,12/10/1909,received,for their prominent position in the international movement for peace and arbitration,,https://masterdataapi.nobelprize.org/2/nobelPrize/pea/1909,476,Paul Henri d'Estournelles de Constant,Paul Henri d'Estournelles de Constant,Paul Henri,d'Estournelles de Constant,"Paul Henri Benjamin Balluet d'Estournelles de Constant, Baron de Constant de Rebecque",,male,http://masterdataapi.nobelprize.org/2/laureate/476,1852-11-22,La Flèche,La Flèche,Europe,France,France,"La Flèche, France",5/15/1924,Paris,Paris,Europe,France,France,"Paris, France",,,,,,,,,,,Individual,France,,,,,
1908,Peace,The Nobel Peace Prize,2,2-Jan,139800,7084459,12/10/1908,received,for their long time work for the cause of peace as politicians peace society leaders orators and authors,,https://masterdataapi.nobelprize.org/2/nobelPrize/pea/1908,474,Fredrik Bajer,Fredrik Bajer,Fredrik,Bajer,Fredrik Bajer,,male,http://masterdataapi.nobelprize.org/2/laureate/474,1837-04-21,Næstved,Næstved,Europe,Denmark,Denmark,"Næstved, Denmark",1/22/1922,Copenhagen,Copenhagen,Europe,Denmark,Denmark,"Copenhagen, Denmark",,,,,,,,,,,Individual,Denmark,,,,,
1908,Peace,The Nobel Peace Prize,1,2-Jan,139800,7084459,12/10/1908,received,for their long time work for the cause of peace as politicians peace society leaders orators and authors,,https://masterdataapi.nobelprize.org/2/nobelPrize/pea/1908,473,Klas Pontus Arnoldson,Klas Pontus Arnoldson,Klas Pontus,Arnoldson,Klas Pontus Arnoldson,,male,http://masterdataapi.nobelprize.org/2/laureate/473,1844-10-27,Gothenburg,Gothenburg,Europe,Sweden,Sweden,"Gothenburg, Sweden",2/20/1916,Stockholm,Stockholm,Europe,Sweden,Sweden,"Stockholm, Sweden",,,,,,,,,,,Individual,Sweden,,,,,
1907,Peace,The Nobel Peace Prize,1,2-Jan,138796,7033581,12/10/1907,received,for his work in the press and in peace meetings both public and private for an understanding between France and Italy,,https://masterdataapi.nobelprize.org/2/nobelPrize/pea/1907,471,Ernesto Teodoro Moneta,Ernesto Teodoro Moneta,Ernesto Teodoro,Moneta,Ernesto Teodoro Moneta,,male,http://masterdataapi.nobelprize.org/2/laureate/471,1833-09-20,Milan,Milan,Europe,Austrian Empire,Italy,"Milan, Austrian Empire (now Italy)",2/10/1918,Milan,Milan,Europe,Italy,Italy,"Milan, Italy",,,,,,,,,,,Individual,Italy,,,,,
1907,Peace,The Nobel Peace Prize,2,2-Jan,138796,7033581,12/10/1907,received,for his decisive influence upon the conduct and outcome of the Hague and Geneva Conferences,,https://masterdataapi.nobelprize.org/2/nobelPrize/pea/1907,472,Louis Renault,Louis Renault,Louis,Renault,Louis Renault,,male,http://masterdataapi.nobelprize.org/2/laureate/472,1843-05-21,Autun,Autun,Europe,France,France,"Autun, France",2/8/1918,Barbizon,Barbizon,Europe,France,France,"Barbizon, France",,,,,,,,,,,Individual,France,,"Sorbonne University, Paris, France",,,
1906,Peace,The Nobel Peace Prize,1,1,138536,7421571,12/10/1906,received,for his role in bringing to an end the bloody war recently waged between two of the world's great powers Japan and Russia,,https://masterdataapi.nobelprize.org/2/nobelPrize/pea/1906,470,Theodore Roosevelt,Theodore Roosevelt,Theodore,Roosevelt,Theodore Roosevelt Jr,,male,http://masterdataapi.nobelprize.org/2/laureate/470,1858-10-27,"New York, NY","New York, NY",North America,USA,USA,"New York, NY, USA",1/6/1919,"Oyster Bay, NY","Oyster Bay, NY",North America,USA,USA,"Oyster Bay, NY, USA",,,,,,,,,,,Individual,USA,,,,,
1905,Peace,The Nobel Peace Prize,1,1,138089,7615202,12/10/1905,received,for her audacity to oppose the horrors of war,,https://masterdataapi.nobelprize.org/2/nobelPrize/pea/1905,468,Bertha von Suttner,Bertha von Suttner,Bertha,von Suttner,"Baroness Bertha Sophie Felicita von Suttner, née Countess Kinsky von Chinic und Tettau",,female,http://masterdataapi.nobelprize.org/2/laureate/468,1843-06-09,Prague,Prague,Europe,Austrian Empire,Czech Republic,"Prague, Austrian Empire (now Czech Republic)",6/21/1914,Vienna,Vienna,Europe,Austria,Austria,"Vienna, Austria",,,,,,,,,,,Individual,Austria,,,,,
1904,Peace,The Nobel Peace Prize,1,1,140859,7767960,12/10/1904,received,for its striving in public law to develop peaceful ties between nations and to make the laws of war more humane,,https://masterdataapi.nobelprize.org/2/nobelPrize/pea/1904,467,Institute of International Law,,,,,,,http://masterdataapi.nobelprize.org/2/laureate/467,,,,,,,,,,,,,,,Institute of International Law,Institut de droit international,,1873-00-00,Ghent,Ghent,Europe,Belgium,Belgium,"Ghent, Belgium",Organization,,,,,,
1903,Peace,The Nobel Peace Prize,1,1,141358,7795478,12/10/1903,received,for his longstanding and devoted effort in favour of the ideas of peace and arbitration,,https://masterdataapi.nobelprize.org/2/nobelPrize/pea/1903,466,Randal Cremer,Randal Cremer,Randal,Cremer,William Randal Cremer,,male,http://masterdataapi.nobelprize.org/2/laureate/466,1828-03-18,Fareham,Fareham,Europe,United Kingdom,United Kingdom,"Fareham, United Kingdom",7/22/1908,London,London,Europe,United Kingdom,United Kingdom,"London, United Kingdom",,,,,,,,,,,Individual,United Kingdom,,,,,
1902,Peace,The Nobel Peace Prize,2,2-Jan,141847,8059489,12/10/1902,received,for his eminently practical administration of the Inter-Parliamentary Union,,https://masterdataapi.nobelprize.org/2/nobelPrize/pea/1902,465,Albert Gobat,Albert Gobat,Albert,Gobat,Charles Albert Gobat,,male,http://masterdataapi.nobelprize.org/2/laureate/465,1843-05-21,Tramelan,Tramelan,Europe,Switzerland,Switzerland,"Tramelan, Switzerland",3/16/1914,Bern,Bern,Europe,Switzerland,Switzerland,"Bern, Switzerland",,,,,,,,,,,Individual,Switzerland,,,,,
1902,Peace,The Nobel Peace Prize,1,2-Jan,141847,8059489,12/10/1902,received,for his untiring and skilful directorship of the Bern Peace Bureau,,https://masterdataapi.nobelprize.org/2/nobelPrize/pea/1902,464,Élie Ducommun,Élie Ducommun,Élie,Ducommun,Élie Ducommun,,male,http://masterdataapi.nobelprize.org/2/laureate/464,1833-02-19,Geneva,Geneva,Europe,Switzerland,Switzerland,"Geneva, Switzerland",12/7/1906,Bern,Bern,Europe,Switzerland,Switzerland,"Bern, Switzerland",,,,,,,,,,,Individual,Switzerland,,,,,
1901,Peace,The Nobel Peace Prize,2,2-Jan,150782,8567159,12/10/1901,received,for his lifelong work for international peace conferences diplomacy and arbitration,,https://masterdataapi.nobelprize.org/2/nobelPrize/pea/1901,463,Frédéric Passy,Frédéric Passy,Frédéric,Passy,Frédéric Passy,,male,http://masterdataapi.nobelprize.org/2/laureate/463,1822-05-20,Paris,Paris,Europe,France,France,"Paris, France",6/12/1912,Paris,Paris,Europe,France,France,"Paris, France",,,,,,,,,,,Individual,France,,,,,
1901,Peace,The Nobel Peace Prize,1,2-Jan,150782,8567159,12/10/1901,received,for his humanitarian efforts to help wounded soldiers and create international understanding,,https://masterdataapi.nobelprize.org/2/nobelPrize/pea/1901,462,Henry Dunant,Henry Dunant,Henry,Dunant,Jean Henry Dunant,,male,http://masterdataapi.nobelprize.org/2/laureate/462,1828-05-08,Geneva,Geneva,Europe,Switzerland,Switzerland,"Geneva, Switzerland",10/30/1910,Heiden,Heiden,Europe,Switzerland,Switzerland,"Heiden, Switzerland",,,,,,,,,,,Individual,Switzerland,,,,,
